﻿Ras signaling pathway,Sorafenib tosylate,0.956628284
Breast cancer,Cabozantinib s-malate,0.950127384
VEGF signaling pathway,Pazopanib hydrochloride,0.948059684
VEGF signaling pathway,Tivozanib,0.948059684
PI3K-Akt signaling pathway,Osimertinib mesylate,0.946047828
MAPK signaling pathway,Pictilisib,0.944904889
Adipocytokine signaling pathway,Ibrolipim ,0.944338183
Adipocytokine signaling pathway,Rosiglitazone maleate ,0.944338183
Renal cell carcinoma,Osimertinib mesylate,0.940925767
Thyroid cancer,Bevacizumab,0.937534475
Thyroid cancer,Osimertinib mesylate,0.935529916
VEGF signaling pathway,Lapatinib,0.932805011
Hepatocellular carcinoma,Osimertinib mesylate,0.930346314
Hepatocellular carcinoma,Motesanib diphosphate ,0.926314425
PPAR signaling pathway,Ciprofibrate ,0.923856014
Vascular smooth muscle contraction,Acetylcholine chloride for injection,0.923562441
Cell cycle,Begacestat ,0.922766753
MAPK signaling pathway,Afuresertib,0.915378432
AMPK signaling pathway,Gemfibrozil ,0.914774564
Glycerolipid metabolism,Gemfibrozil ,0.914774564
